{
  "pixel_classifier_type": "OpenCVPixelClassifier",
  "metadata": {
    "inputPadding": 0,
    "inputResolution": {
      "pixelWidth": {
        "value": 0.506,
        "unit": "µm"
      },
      "pixelHeight": {
        "value": 0.506,
        "unit": "µm"
      },
      "zSpacing": {
        "value": 1.0,
        "unit": "z-slice"
      },
      "timeUnit": "SECONDS",
      "timepoints": []
    },
    "inputWidth": 512,
    "inputHeight": 512,
    "inputNumChannels": 3,
    "outputType": "CLASSIFICATION",
    "outputChannels": [],
    "classificationLabels": {
      "0": {
        "name": "Ignore*",
        "color": [
          180,
          180,
          180
        ]
      },
      "1": {
        "name": "background",
        "color": [
          0,
          0,
          128
        ]
      }
    }
  },
  "op": {
    "type": "data.op.channels",
    "colorTransforms": [
      {
        "combineType": "MEAN"
      }
    ],
    "op": {
      "type": "op.core.sequential",
      "ops": [
        {
          "type": "op.filters.gaussian",
          "sigmaX": 0.5,
          "sigmaY": 0.5
        },
        {
          "type": "op.threshold.constant",
          "thresholds": [
            205.0
          ]
        }
      ]
    }
  }
}